ЖУРНАЛ ОПЕРАЦИЙ (Cashflow) — проект Соня,,,,,,,,,,
"Каждый заход и расход денег фиксируется здесь. Дашборд, P&L и Счета считаются автоматически отсюда.",,,,,,,,,,
,,,,,,,,,,
№,Дата,Тип,Категория,Описание / источник,Счёт,Валюта,"Сумма
(в валюте)",Курс → USD,Сумма ($),-
,2026-06-05,Приход,Продажи продукта,Бронь місяця на флагмані,WayForPay,UAH,"1 000,00","0,0227","$22,70",
2,2026-06-05,Приход,Продажи продукта,Оплата міні курсу,PayPal,UAH,"400,95","0,0227","$9,10",#REF!
3,2026-06-05,Приход,Продажи продукта,Оплата міні курсу,PayPal,UAH,"400,95","0,0227","$9,10",#REF!
,2026-06-05,Расход,Трафик / Реклама,Поповнення рекламного кабінету,ФОП-1,USD,"39,51","1,0000","$39,51",
5,2026-06-06,Приход,Продажи продукта,Оплата міні курсу,PayPal,UAH,"400,95","0,0227","$9,10",#REF!
6,2026-06-06,Приход,Продажи продукта,Оплата міні курсу,PayPal,UAH,"400,95","0,0227","$9,10",#REF!
,2026-06-06,Расход,Трафик / Реклама,Поповнення рекламного кабінету,ФОП-1,USD,"23,61","1,0000","$23,61",
,2026-06-06,Расход,Трафик / Реклама,Поповнення рекламного кабінету за інтенсив,ФОП-1,USD,"19,67","1,0000","$19,67",
,2026-06-07,Расход,Трафик / Реклама,Поповнення рекламного кабінету,ФОП-1,USD,"7,41","1,0000","$7,41",
,2026-06-07,Расход,Трафик / Реклама,Поповнення рекламного кабінету за інтенсив,ФОП-1,USD,"12,56","1,0000","$12,56",
11,2026-06-08,Приход,Продажи продукта,Оплата міні курсу,WayForPay,UAH,"400,95","0,0227","$9,10",#REF!
12,2026-06-08,Приход,Продажи продукта,Оплата міні курсу,WayForPay,UAH,"400,95","0,0227","$9,10",#REF!
13,2026-06-08,Приход,Продажи продукта,Оплата міні курсу,WayForPay,UAH,"400,95","0,0227","$9,10",#REF!
14,2026-06-08,Приход,Продажи продукта,Оплата міні курсу,WayForPay,UAH,"400,95","0,0227","$9,10",#REF!
,2026-06-08,Расход,Трафик / Реклама,Поповнення рекламного кабінету,ФОП-1,USD,"21,59","1,0000","$21,59",
,2026-06-08,Расход,Трафик / Реклама,Поповнення рекламного кабінету за інтенсив,ФОП-1,USD,"9,90","1,0000","$9,90",
17,2026-06-09,Приход,Продажи продукта,Оплата міні курсу,WayForPay,UAH,"400,95","0,0227","$9,10",#REF!
18,2026-06-09,Приход,Продажи продукта,Оплата міні курсу,WayForPay,UAH,"400,95","0,0227","$9,10",#REF!
19,2026-06-09,Приход,Продажи продукта,Оплата міні курсу,WayForPay,UAH,"400,95","0,0227","$9,10",#REF!
20,2026-06-09,Приход,Продажи продукта,Оплата міні курсу,WayForPay,UAH,"400,95","0,0227","$9,10",#REF!
21,2026-06-09,Приход,Продажи продукта,Оплата міні курсу,WayForPay,UAH,"403,20","0,0227","$9,15",#REF!
22,2026-06-09,Приход,Продажи продукта,Оплата міні курсу,WayForPay,UAH,"403,20","0,0227","$9,15",#REF!
,2026-06-09,Приход,Продажи продукта,Оплата флагману,ФОП-1,UAH,"38 091,00","0,0227","$864,67",
,2026-06-09,Расход,Трафик / Реклама,Поповнення рекламного кабінету,ФОП-1,USD,"53,60","1,0000","$53,60",
,2026-06-09,Расход,Трафик / Реклама,Поповнення рекламного кабінету за інтенсив,ФОП-1,USD,"123,87","1,0000","$123,87",
26,2026-06-10,Приход,Продажи продукта,Оплата міні курсу,WayForPay,UAH,"403,20","0,0227","$9,15",#REF!
27,2026-06-10,Приход,Продажи продукта,Оплата міні курсу,WayForPay,UAH,"406,35","0,0227","$9,22",#REF!
28,2026-06-10,Приход,Продажи продукта,Оплата флагману,WayForPay,UAH,"36 156,00","0,0227","$820,74",
29,2026-06-10,Приход,Продажи продукта,Оплата флагману,WayForPay,UAH,"36 156,00","0,0227","$820,74",
30,2026-06-10,Расход,Трафик / Реклама,Поповнення рекламного кабінету,ФОП-1,USD,"13,00","1,0000","$13,00",#REF!
31,2026-06-10,Расход,Трафик / Реклама,Поповнення рекламного кабінету за інтенсив,ФОП-1,USD,"35,56","1,0000","$35,56",
32,2026-06-11,Расход,Трафик / Реклама,Поповнення рекламного кабінету,ФОП-1,USD,"15,12","1,0000","$15,12",#REF!
33,2026-06-11,Расход,Трафик / Реклама,Поповнення рекламного кабінету за інтенсив,ФОП-1,USD,"41,76","1,0000","$41,76",#REF!
34,2026-06-11,Расход,Сервисы (SendPulse и т.п.),Поповненя вебінар старсу (Женя),ФОП-1,UAH,"452,49","0,0227","$10,27",
35,2026-06-11,Расход,Сервисы (SendPulse и т.п.),Поповнення сенд пульсу (Женя),ФОП-1,UAH,"2 111,31","0,0227","$47,93",
36,2026-06-17,Приход,Продажи продукта,Оплата флагману,WayForPay,UAH,"18 060,75","0,0227","$409,98",#REF!
37,2026-06-18,Приход,Продажи продукта,Оплата флагману,WayForPay,UAH,"32 600,00","0,0227","$740,02",#REF!
38,2026-06-19,Приход,Продажи продукта,Оплата флагману,ФОП-1,UAH,"11 843,00","0,0227","$268,84",#REF!
39,2026-06-19,Приход,Продажи продукта,Оплата флагману,WayForPay,UAH,"77 480,00","0,0227","$1 758,80",#REF!
40,2026-06-21,Приход,Продажи продукта,Оплата флагману,WayForPay,UAH,"70 000,00","0,0227","$1 589,00",#REF!
41,2026-06-24,Приход,Продажи продукта,Оплата флагману,WayForPay,UAH,"35 742,00","0,0227","$811,34",#REF!
42,2026-06-24,Приход,Продажи продукта,Оплата флагману (дебіторка),ФОП-1,UAH,"17 051,00","0,0227","$387,06",#REF!
43,2026-06-29,Приход,Продажи продукта,Оплата флагману (дебіторка),ФОП-1,UAH,"10 800,00","0,0227","$245,16",#REF!
44,2026-07-01,Приход,Продажи продукта,Оплата флагману (дебіторка),ФОП-1,UAH,"38 091,00","0,0227","$864,67",#REF!
45,2026-07-01,Приход,Продажи продукта,Оплата флагману (дебіторка),ФОП-1,EUR,"150,00","1,1400","$171,00",#REF!
46,2026-06-24,Расход,Команда / Подряд,ЗП таргетолог,ФОП-1,USD,"200,00","1,0000","$200,00",#REF!
47,2026-05-28,Расход,Команда / Подряд,"зп Ані за червень, виплата в липні",ФОП-1,UAH,"36 634,00","0,0227","$831,59",#REF!
48,2026-06-02,Расход,Команда / Подряд,"зп Юлі за червень, виплата в липні",ФОП-1,USD,"1 000,00","1,0000","$1 000,00",#REF!
49,,Расход,Команда / Подряд,ставка відділ продажу,,USD,"500,00","1,0000","$500,00",#REF!
50,,Расход,Команда / Подряд,відсоток відділу продажу за 30.06 включно,,UAH,"43 226,00","0,0227","$981,23",#REF!
49,2026-07-08,Расход,Выплата эксперту (Sony),дохід за червень,ФОП-1,UAH,"126 106,00","0,0220","$2 774,33",
51,2026-07-08,Расход,Выплата ПЦ (B&W),дохід за червень,ФОП-1,UAH,"126 106,00","0,0220","$2 774,33",
,,,,,,UAH,,,,
54,2026-07-05,Приход,Продажи продукта,Дебіторка,WayForPay,UAH,"17 413,00","0,0220","$383,09",$383
55,2026-07-06,Приход,Продажи продукта,Дебіторка,WayForPay,UAH,"23 125,00","0,0220","$508,75",$892
56,2026-07-08,Расход,Трафик / Реклама,оплата рк,ФОП-1,USD,"130,21","1,0000","$130,21",#REF!
57,2026-07-09,Расход,Трафик / Реклама,оплата рк,ФОП-1,USD,"118,48","1,0000","$118,48",#REF!
58,2026-07-10,Расход,Комиссия платёжных систем,Поповнення вебінар старс,ФОП-1,UAH,"447,00","0,0220","$9,83",#REF!
59,2026-07-11,Приход,Продажи продукта,Оплата флагману,WayForPay,UAH,"35 362,00","0,0220","$777,96",#REF!
60,2026-07-11,Приход,Продажи продукта,Оплата флагману,WayForPay,UAH,"35 362,00","0,0220","$777,96",#REF!
61,2026-07-11,Приход,Продажи продукта,Оплата флагману,WayForPay,UAH,"35 362,00","0,0220","$777,96",#REF!
62,2026-07-11,Расход,Сервисы (SendPulse и т.п.),оплата сенд пульс,ФОП-1,UAH,"2 504,04","0,0220","$55,09",#REF!
63,2026-07-15,Приход,Продажи продукта,Оплата Флагману Дебіторка,WayForPay,UAH,"7 108,00","0,0220","$156,38",#REF!
64,,Расход,Команда / Подряд,відсоток відділу продажу за 23.07 включно,,UAH,"46 389,00","0,0220","$1 020,56",#REF!